USE pc_parts_store;

INSERT INTO country VALUES
(1, 'Afghanistan', 'AF'),
(2, 'Aland Islands', 'AX'),
(3, 'Albania', 'AL'),
(4, 'Algeria', 'DZ'),
(5, 'American Samoa', 'AS'),
(6, 'Andorra', 'AD'),
(7, 'Angola', 'AO'),
(8, 'Anguilla', 'AI'),
(9, 'Antarctica', 'AQ'),
(10, 'Antigua and Barbuda', 'AG'),
(11, 'Argentina', 'AR'),
(12, 'Armenia', 'AM'),
(13, 'Aruba', 'AW'),
(14, 'Australia', 'AU'),
(15, 'Austria', 'AT'),
(16, 'Azerbaijan', 'AZ'),
(17, 'Bahamas', 'BS'),
(18, 'Bahrain', 'BH'),
(19, 'Bangladesh', 'BD'),
(20, 'Barbados', 'BB'),
(21, 'Belarus', 'BY'),
(22, 'Belgium', 'BE'),
(23, 'Belize', 'BZ'),
(24, 'Benin', 'BJ'),
(25, 'Bermuda', 'BM'),
(26, 'Bhutan', 'BT'),
(27, 'Bolivia', 'BO'),
(28, 'Bonaire, Sint Eustatius and Saba', 'BQ'),
(29, 'Bosnia and Herzegovina', 'BA'),
(30, 'Botswana', 'BW'),
(31, 'Bouvet Island', 'BV'),
(32, 'Brazil', 'BR'),
(33, 'British Indian Ocean Territory', 'IO'),
(34, 'Brunei Darussalam', 'BN'),
(35, 'Bulgaria', 'BG'),
(36, 'Burkina Faso', 'BF'),
(37, 'Burundi', 'BI'),
(38, 'Cambodia', 'KH'),
(39, 'Cameroon', 'CM'),
(40, 'Canada', 'CA'),
(41, 'Cape Verde', 'CV'),
(42, 'Cayman Islands', 'KY'),
(43, 'Central African Republic', 'CF'),
(44, 'Chad', 'TD'),
(45, 'Chile', 'CL'),
(46, 'China', 'CN'),
(47, 'Christmas Island', 'CX'),
(48, 'Cocos (Keeling) Islands', 'CC'),
(49, 'Colombia', 'CO'),
(50, 'Comoros', 'KM'),
(51, 'Congo', 'CG'),
(52, 'Congo, Democratic Republic of the Congo', 'CD'),
(53, 'Cook Islands', 'CK'),
(54, 'Costa Rica', 'CR'),
(55, 'Cote D\'Ivoire', 'CI'),
(56, 'Croatia', 'HR'),
(57, 'Cuba', 'CU'),
(58, 'Curacao', 'CW'),
(59, 'Cyprus', 'CY'),
(60, 'Czech Republic', 'CZ'),
(61, 'Denmark', 'DK'),
(62, 'Djibouti', 'DJ'),
(63, 'Dominica', 'DM'),
(64, 'Dominican Republic', 'DO'),
(65, 'Ecuador', 'EC'),
(66, 'Egypt', 'EG'),
(67, 'El Salvador', 'SV'),
(68, 'Equatorial Guinea', 'GQ'),
(69, 'Eritrea', 'ER'),
(70, 'Estonia', 'EE'),
(71, 'Ethiopia', 'ET'),
(72, 'Falkland Islands (Malvinas)', 'FK'),
(73, 'Faroe Islands', 'FO'),
(74, 'Fiji', 'FJ'),
(75, 'Finland', 'FI'),
(76, 'France', 'FR'),
(77, 'French Guiana', 'GF'),
(78, 'French Polynesia', 'PF'),
(79, 'French Southern Territories', 'TF'),
(80, 'Gabon', 'GA'),
(81, 'Gambia', 'GM'),
(82, 'Georgia', 'GE'),
(83, 'Germany', 'DE'),
(84, 'Ghana', 'GH'),
(85, 'Gibraltar', 'GI'),
(86, 'Greece', 'GR'),
(87, 'Greenland', 'GL'),
(88, 'Grenada', 'GD'),
(89, 'Guadeloupe', 'GP'),
(90, 'Guam', 'GU'),
(91, 'Guatemala', 'GT'),
(92, 'Guernsey', 'GG'),
(93, 'Guinea', 'GN'),
(94, 'Guinea-Bissau', 'GW'),
(95, 'Guyana', 'GY'),
(96, 'Haiti', 'HT'),
(97, 'Heard Island and Mcdonald Islands', 'HM'),
(98, 'Holy See (Vatican City State)', 'VA'),
(99, 'Honduras', 'HN'),
(100, 'Hong Kong', 'HK'),
(101, 'Hungary', 'HU'),
(102, 'Iceland', 'IS'),
(103, 'India', 'IN'),
(104, 'Indonesia', 'ID'),
(105, 'Iran, Islamic Republic of', 'IR'),
(106, 'Iraq', 'IQ'),
(107, 'Ireland', 'IE'),
(108, 'Isle of Man', 'IM'),
(109, 'Israel', 'IL'),
(110, 'Italy', 'IT'),
(111, 'Jamaica', 'JM'),
(112, 'Japan', 'JP'),
(113, 'Jersey', 'JE'),
(114, 'Jordan', 'JO'),
(115, 'Kazakhstan', 'KZ'),
(116, 'Kenya', 'KE'),
(117, 'Kiribati', 'KI'),
(118, 'Korea, Democratic People\'s Republic of', 'KP'),
(119, 'Korea, Republic of', 'KR'),
(120, 'Kosovo', 'XK'),
(121, 'Kuwait', 'KW'),
(122, 'Kyrgyzstan', 'KG'),
(123, 'Lao People\'s Democratic Republic', 'LA'),
(124, 'Latvia', 'LV'),
(125, 'Lebanon', 'LB'),
(126, 'Lesotho', 'LS'),
(127, 'Liberia', 'LR'),
(128, 'Libyan Arab Jamahiriya', 'LY'),
(129, 'Liechtenstein', 'LI'),
(130, 'Lithuania', 'LT'),
(131, 'Luxembourg', 'LU'),
(132, 'Macao', 'MO'),
(133, 'Macedonia, the Former Yugoslav Republic of', 'MK'),
(134, 'Madagascar', 'MG'),
(135, 'Malawi', 'MW'),
(136, 'Malaysia', 'MY'),
(137, 'Maldives', 'MV'),
(138, 'Mali', 'ML'),
(139, 'Malta', 'MT'),
(140, 'Marshall Islands', 'MH'),
(141, 'Martinique', 'MQ'),
(142, 'Mauritania', 'MR'),
(143, 'Mauritius', 'MU'),
(144, 'Mayotte', 'YT'),
(145, 'Mexico', 'MX'),
(146, 'Micronesia, Federated States of', 'FM'),
(147, 'Moldova, Republic of', 'MD'),
(148, 'Monaco', 'MC'),
(149, 'Mongolia', 'MN'),
(150, 'Montenegro', 'ME'),
(151, 'Montserrat', 'MS'),
(152, 'Morocco', 'MA'),
(153, 'Mozambique', 'MZ'),
(154, 'Myanmar', 'MM'),
(155, 'Namibia', 'NA'),
(156, 'Nauru', 'NR'),
(157, 'Nepal', 'NP'),
(158, 'Netherlands', 'NL'),
(159, 'Netherlands Antilles', 'AN'),
(160, 'New Caledonia', 'NC'),
(161, 'New Zealand', 'NZ'),
(162, 'Nicaragua', 'NI'),
(163, 'Niger', 'NE'),
(164, 'Nigeria', 'NG'),
(165, 'Niue', 'NU'),
(166, 'Norfolk Island', 'NF'),
(167, 'Northern Mariana Islands', 'MP'),
(168, 'Norway', 'NO'),
(169, 'Oman', 'OM'),
(170, 'Pakistan', 'PK'),
(171, 'Palau', 'PW'),
(172, 'Palestinian Territory, Occupied', 'PS'),
(173, 'Panama', 'PA'),
(174, 'Papua New Guinea', 'PG'),
(175, 'Paraguay', 'PY'),
(176, 'Peru', 'PE'),
(177, 'Philippines', 'PH'),
(178, 'Pitcairn', 'PN'),
(179, 'Poland', 'PL'),
(180, 'Portugal', 'PT'),
(181, 'Puerto Rico', 'PR'),
(182, 'Qatar', 'QA'),
(183, 'Reunion', 'RE'),
(184, 'Romania', 'RO'),
(185, 'Russian Federation', 'RU'),
(186, 'Rwanda', 'RW'),
(187, 'Saint Barthelemy', 'BL'),
(188, 'Saint Helena', 'SH'),
(189, 'Saint Kitts and Nevis', 'KN'),
(190, 'Saint Lucia', 'LC'),
(191, 'Saint Martin', 'MF'),
(192, 'Saint Pierre and Miquelon', 'PM'),
(193, 'Saint Vincent and the Grenadines', 'VC'),
(194, 'Samoa', 'WS'),
(195, 'San Marino', 'SM'),
(196, 'Sao Tome and Principe', 'ST'),
(197, 'Saudi Arabia', 'SA'),
(198, 'Senegal', 'SN'),
(199, 'Serbia', 'RS'),
(200, 'Serbia and Montenegro', 'CS'),
(201, 'Seychelles', 'SC'),
(202, 'Sierra Leone', 'SL'),
(203, 'Singapore', 'SG'),
(204, 'Sint Maarten', 'SX'),
(205, 'Slovakia', 'SK'),
(206, 'Slovenia', 'SI'),
(207, 'Solomon Islands', 'SB'),
(208, 'Somalia', 'SO'),
(209, 'South Africa', 'ZA'),
(210, 'South Georgia and the South Sandwich Islands', 'GS'),
(211, 'South Sudan', 'SS'),
(212, 'Spain', 'ES'),
(213, 'Sri Lanka', 'LK'),
(214, 'Sudan', 'SD'),
(215, 'Suriname', 'SR'),
(216, 'Svalbard and Jan Mayen', 'SJ'),
(217, 'Swaziland', 'SZ'),
(218, 'Sweden', 'SE'),
(219, 'Switzerland', 'CH'),
(220, 'Syrian Arab Republic', 'SY'),
(221, 'Taiwan, Province of China', 'TW'),
(222, 'Tajikistan', 'TJ'),
(223, 'Tanzania, United Republic of', 'TZ'),
(224, 'Thailand', 'TH'),
(225, 'Timor-Leste', 'TL'),
(226, 'Togo', 'TG'),
(227, 'Tokelau', 'TK'),
(228, 'Tonga', 'TO'),
(229, 'Trinidad and Tobago', 'TT'),
(230, 'Tunisia', 'TN'),
(231, 'Turkey', 'TR'),
(232, 'Turkmenistan', 'TM'),
(233, 'Turks and Caicos Islands', 'TC'),
(234, 'Tuvalu', 'TV'),
(235, 'Uganda', 'UG'),
(236, 'Ukraine', 'UA'),
(237, 'United Arab Emirates', 'AE'),
(238, 'United Kingdom', 'GB'),
(239, 'United States', 'US'),
(240, 'United States Minor Outlying Islands', 'UM'),
(241, 'Uruguay', 'UY'),
(242, 'Uzbekistan', 'UZ'),
(243, 'Vanuatu', 'VU'),
(244, 'Venezuela', 'VE'),
(245, 'Viet Nam', 'VN'),
(246, 'Virgin Islands, British', 'VG'),
(247, 'Virgin Islands, U.s.', 'VI'),
(248, 'Wallis and Futuna', 'WF'),
(249, 'Western Sahara', 'EH'),
(250, 'Yemen', 'YE'),
(251, 'Zambia', 'ZM'),
(252, 'Zimbabwe', 'ZW');

INSERT INTO address (address_id, street_number, apt_no, street_name, city, country_id) values (1, '5', 54, 'Springview', 'Shitan', 14);
INSERT INTO address (address_id, street_number, apt_no, street_name, city, country_id) values (2, '50984', 73, 'Crescent Oaks', 'Bergvliet', 131);
INSERT INTO address (address_id, street_number, apt_no, street_name, city, country_id) values (3, '6096', 81, 'Utah', 'Cojutepeque', 200);
INSERT INTO address (address_id, street_number, apt_no, street_name, city, country_id) values (4, '76', 62, 'Kropf', 'San Vicente de Bique', 18);
INSERT INTO address (address_id, street_number, apt_no, street_name, city, country_id) values (5, '5265', 196, 'Elgar', 'Połajewo', 94);
INSERT INTO address (address_id, street_number, apt_no, street_name, city, country_id) values (6, '9', 150, 'Harbort', 'Shangzhuang', 204);
INSERT INTO address (address_id, street_number, apt_no, street_name, city, country_id) values (7, '636', 94, 'Westend', 'San Cosme y Damián', 179);
INSERT INTO address (address_id, street_number, apt_no, street_name, city, country_id) values (8, '0457', 195, 'Schmedeman', 'Tiel', 234);
INSERT INTO address (address_id, street_number, apt_no, street_name, city, country_id) values (9, '62464', 78, 'Rutledge', 'Trai Ngau', 121);
INSERT INTO address (address_id, street_number, apt_no, street_name, city, country_id) values (10, '158', 155, 'Kennedy', 'Zhexiao', 115);
INSERT INTO address (address_id, street_number, apt_no, street_name, city, country_id) values (11, '66', 174, 'Reindahl', 'Formosa do Rio Preto', 17);
INSERT INTO address (address_id, street_number, apt_no, street_name, city, country_id) values (12, '97043', 28, 'Fairview', 'Romilly-sur-Seine', 12);
INSERT INTO address (address_id, street_number, apt_no, street_name, city, country_id) values (13, '17', 17, 'Hintze', 'Majagual', 196);
INSERT INTO address (address_id, street_number, apt_no, street_name, city, country_id) values (14, '98', 206, 'Service', 'Rączna', 102);
INSERT INTO address (address_id, street_number, apt_no, street_name, city, country_id) values (15, '09552', 204, 'Anthes', 'Songshu', 208);
INSERT INTO address (address_id, street_number, apt_no, street_name, city, country_id) values (16, '813', 144, 'Springs', 'Titab', 94);
INSERT INTO address (address_id, street_number, apt_no, street_name, city, country_id) values (17, '1137', 151, 'Portage', 'Orlovo', 95);
INSERT INTO address (address_id, street_number, apt_no, street_name, city, country_id) values (18, '17', 106, 'La Follette', 'Tapera', 58);
INSERT INTO address (address_id, street_number, apt_no, street_name, city, country_id) values (19, '37931', 232, 'School', 'Aryiropoúlion', 26);
INSERT INTO address (address_id, street_number, apt_no, street_name, city, country_id) values (20, '6364', 234, 'Dryden', 'Aguada de Pasajeros', 211);
INSERT INTO address (address_id, street_number, apt_no, street_name, city, country_id) values (21, '084', 70, 'Arrowood', 'Yasnyy', 25);
INSERT INTO address (address_id, street_number, apt_no, street_name, city, country_id) values (22, '9', 123, 'Katie', 'Yotala', 147);
INSERT INTO address (address_id, street_number, apt_no, street_name, city, country_id) values (23, '05', 127, 'Londonderry', 'Tomilino', 70);
INSERT INTO address (address_id, street_number, apt_no, street_name, city, country_id) values (24, '55', 36, 'Kim', 'Zyuzino', 85);
INSERT INTO address (address_id, street_number, apt_no, street_name, city, country_id) values (25, '3', 66, 'Lindbergh', 'Dengmingsi', 235);
INSERT INTO address (address_id, street_number, apt_no, street_name, city, country_id) values (26, '3', 22, 'Summer Ridge', 'Bondoufle', 151);
INSERT INTO address (address_id, street_number, apt_no, street_name, city, country_id) values (27, '6', 216, 'Ridgeview', 'Zhucun', 240);
INSERT INTO address (address_id, street_number, apt_no, street_name, city, country_id) values (28, '05', 146, 'Clemons', 'Shizong', 71);
INSERT INTO address (address_id, street_number, apt_no, street_name, city, country_id) values (29, '20', 188, 'Dapin', 'Wentugaole', 56);
INSERT INTO address (address_id, street_number, apt_no, street_name, city, country_id) values (30, '8', 167, 'Rockefeller', 'Salto', 170);
INSERT INTO address (address_id, street_number, apt_no, street_name, city, country_id) values (31, '9', 102, 'Manufacturers', 'Izyum', 12);
INSERT INTO address (address_id, street_number, apt_no, street_name, city, country_id) values (32, '935', 229, 'Namekagon', 'Hallsberg', 189);
INSERT INTO address (address_id, street_number, apt_no, street_name, city, country_id) values (33, '322', 2, 'Beilfuss', 'Winangun', 167);
INSERT INTO address (address_id, street_number, apt_no, street_name, city, country_id) values (34, '61373', 42, 'Mcguire', 'Łeba', 190);
INSERT INTO address (address_id, street_number, apt_no, street_name, city, country_id) values (35, '913', 108, 'Kings', 'Dzüünbulag', 58);
INSERT INTO address (address_id, street_number, apt_no, street_name, city, country_id) values (36, '57', 155, 'Kim', 'Chesma', 194);
INSERT INTO address (address_id, street_number, apt_no, street_name, city, country_id) values (37, '80741', 227, 'Cody', 'Su-dong', 95);
INSERT INTO address (address_id, street_number, apt_no, street_name, city, country_id) values (38, '1', 65, 'Manitowish', 'Mwinilunga', 240);
INSERT INTO address (address_id, street_number, apt_no, street_name, city, country_id) values (39, '1971', 129, 'Kingsford', 'Limit', 188);
INSERT INTO address (address_id, street_number, apt_no, street_name, city, country_id) values (40, '66', 141, 'Ridgeview', 'Casal da Serra', 61);
INSERT INTO address (address_id, street_number, apt_no, street_name, city, country_id) values (41, '1', 111, 'Briar Crest', 'Victoria', 90);
INSERT INTO address (address_id, street_number, apt_no, street_name, city, country_id) values (42, '508', 170, 'Green', 'Rawang', 173);
INSERT INTO address (address_id, street_number, apt_no, street_name, city, country_id) values (43, '248', 195, 'Melby', 'Sísion', 176);
INSERT INTO address (address_id, street_number, apt_no, street_name, city, country_id) values (44, '5', 121, 'Lotheville', 'Drayton Valley', 234);
INSERT INTO address (address_id, street_number, apt_no, street_name, city, country_id) values (45, '6', 213, 'Ridgeway', 'Pila', 12);
INSERT INTO address (address_id, street_number, apt_no, street_name, city, country_id) values (46, '5', 19, 'Huxley', 'Riangbaring', 40);
INSERT INTO address (address_id, street_number, apt_no, street_name, city, country_id) values (47, '20', 18, 'Buell', 'El Copé', 173);
INSERT INTO address (address_id, street_number, apt_no, street_name, city, country_id) values (48, '16', 175, 'Fisk', 'Tapon', 42);
INSERT INTO address (address_id, street_number, apt_no, street_name, city, country_id) values (49, '89', 32, 'Longview', 'Qianwei', 152);
INSERT INTO address (address_id, street_number, apt_no, street_name, city, country_id) values (50, '8', 27, 'Oriole', 'Pogranichnyy', 109);

INSERT INTO customer VALUES
(4532741, "jdoe91", "34jdjd91s", "John", "Doe", "F.", 7189628732, "jdoe24@gmail.com"),
(9728374, "mikejames23", "mjr0c4a", "Michael", "James", "S.", 2419814263, "mjames111@yahoo.com"),
(2431827, "ngreen", "ng92iaks", "Naomi", "Green", NULL, 3472918273, "ngreenc3@gmail.com"),
(8662832, "77asanders", "82yshajfd", "Alex", "Sanders", NULL, 2531349281, "starsanders71@gmail.com"),
(7456233, "rkaysan2", "6sdg34ds", "Robert", "Kaysan", "L.", 6197328123, "rkaysan2@gmail.com"),
(2356753, "jjones22", "jsdf1s223", "Joshua", "Jones", "W.", 2437261523, "jjones22@gmail.com"),
(1625347, "nathan1", "sDfA2JJ11s", "Nathaniel", "Brown", NULL, 3478210394, "nathaniel29@gmail.com"),
(1629800, "pcartier23", "wlr1629vA", "Jordan", "Carter", NULL, 2227161629, "jcarter22@gmail.com"),
(1400928, "tredd1400", "ALLYT3frfr", "Michael", "White", NULL, 9801729823, "mwhite1400@hotmail.com"),
(5646283, "rbrownMC", "CMnworbr38", "Ronald", "Brown", "M.", 3642518436, "rbrownMC@gmail.com"),
(2261283, "cjames21", "sjamc83AsC", "Cassandra", "James", NULL, 2418378273, "cassie717@aol.com"),
(6352817, "jthompson63", "7sahSChs2", "Jennifer", "Thompson", "B.", 3472327832, "jethompson53@gmail.com"),
(4256123, "kcenat3", "ShAA32Xsjd", "Kyle", "Cenat", "J.", 2432121726, "kcenat3@gmail.com"),
(3271252, "iiris22", "hsj26Ahhx", "Imani", "Iris", NULL, 9802917421, "irissees22@aol.com"),
(2861562, "cmatthews2871", "nxtdO0r23", "Chris", "Matthews", NULL, 1782639871, "cmatthews71@gmail.com"),
(3621827, "fnathans72", "AcSS234Abs", "Francis", "Nathans", NULL, 7182416382, "fnathans872@yahoo.com"),
(9162534, "sthatcher1", "hajkoOuA2s", "Steve", "Thatcher", "J.", 3472518278, "sthatcher1@yahoo.com"),
(2152630, "susan02", "3JJhnM281a", "Susan", "Linville", "W.", 3012102135, "susanwlinville@aol.com"),
(9720581, "anelson", "7sa6AAhmc", "Dustin", "Nelson", "A.", 2676573600, "dnels82@gmail.com"),
(2363645, "lsmith4242", "42Ksja42Jy", "Leroy", "Smith", "C.", 7404349775, "csmith21@yahoo.com"),
(3625152, "moore674", "M2jAAsOkj", "Felisha", "Moore", NULL, 8155294163, "moorehead2@gmail.com"),
(4261829, "george8", "password", "George", "Trent", "J.", 9376040592, "gtrent4@gmail.com"),
(7281928, "dmoran7", "co8SSveAm", "Donald", "Moran", "M.", 2282475514, "dmoran22@gmail.com"),
(6251827, "saguayo", "3MMsZ298Cj", "Stephen", "Aguayo", "C.", 7189628732, "saguayo@hotmail.com"),
(1276391, "ndiaz223", "8jSaaCmHJ3", "Natalie", "Diaz", "D.", 4252620131, "ndiaz84@gmail.com"),
(4342118, "mwells21", "WjMMa827Fg", "Melissa", "Wells", NULL, 4435571129, "mwells62352@aol.com"),
(7127356, "pryor1", "reNfr00a", "William", "Pryor", NULL, 5088925052, "wpryor21@aol.com"),
(2736483, "dellis489", "298SjkgMM", "Derick", "Ellis", "P.", 8602366242, "dellis82@gmail.com"),
(7373646, "fall8211", "pWo00rDy5a", "Frank", "Hall", NULL, 6183150529, "chall800@gmail.com"),
(5262718, "jbarter231", "jHshfui429", "Jeffrey", "Barter", "I.", 3172012123, "jbarter@gmail.com"),
(4532742, "tricia10", "riVrIcia22", "Tricia", "Rivera", "E.", 3023825672, "riverat2@gmail.com"),
(3725184, "mcasady2", "7372mAAszC", "Marcus", "Casady", "A.", 7853080408, "mcasady28@gmail.com"),
(7263641, "mattyh", "jfuAuf3272", "Matthew", "Houston", "T.", 3396139825, "mhouston41@aol.com"),
(3267162, "dthomas64", "MdshCC2738A", "Maria", "Thomas", "F.", 7189628732, "jdoe24@gmail.com"),
(6736253, "jewelgard", "3GamJsk9s1", "Jewel", "Gardner", "M.", 8475381507, "jmgardner521@gmail.com"),
(2645142, "buenobruno", "84jdMMcnXx", "Bruno", "Lachance", NULL, 3606957685, "blachance@yahoo.com"),
(9730189, "kapa2", "MMmaA83ghCN", "Liisi", "Kapanen", NULL, 5037633686, "lkapa21@yahoo.com"),
(1490182, "daumiller73", "DAAmJs837a", "Debra", "Aumiller", "J.", 6077349103, "daumiller@gmail.com"),
(8887263, "painter83", "OaaAhfbnX", "Caroline", "Painter", "M.", 5804787747, "cpaint@yahoo.com"),
(4472289, "oscar01", "JJdusMAa92", "Oscar", "Amend", "E.", 9255433456, "oscar97@gmail.com"),
(4965820, "jdyson83", "8KjaM2paB", "Jose", "Dyson", "M.", 2086510569, "josemdyson@gmail.com"),
(3228389, "alvin21", "l0cKKsNa", "Alvin", "White", NULL, 8016376834, "awhite83@yahoo.com"),
(7488920, "twhite93", "aLwHii8sy", "Alvin", "White", "T.", 8016376834, "alvinwhite@hotmail.com"),
(9928174, "jhughes83", "HuGmmJl4", "Jessica", "Hughes", "R.", 6507548418, "jhughes82@gmail.com"),
(5252007, "roakes52", "RmMMaJ372", "Raymond", "Oakes", "J.", 5402632020, "roakes23@gmail.com"),
(3392625, "lmcook28", "c02MMoJhHa", "Teresa", "Cook", NULL, 8307899875, "tcook43@yahoo.com"),
(4082327, "dgribble733", "pw0RddMaZ", "Dennis", "Gribble", NULL, 4357105690, "dgribble24@yahoo.com"),
(4498822, "mknowles26", "P009w0RdsZ", "Irene", "Knowles", NULL, 9785430605, "iknowles@gmail.com"),
(5454211, "jfarelly462", "FjjAm826A", "Jayne", "Farrelly", "C.", 3366962701, "jfarrelly260@gmail.com"),
(9558271, "lfrisby27", "fRiSby37AA", "Lillian", "Frisby", NULL, 3096981640, "lfrisby@gmail.com");
